Player,Season,Team,S/C,Pos,GP,G,A,P,+/-,PIM,P/GP,EVG,EVP,PPG,PPP,SHG,SHP,OTG,GWG,S,S%,TOI/GP,FOW%
Martin St. Louis,20122013,TBL,L,R,48,17,43,60,0,14,1.25,14,40,3,20,0,0,0,2,112,15.2,21:59,42.9
Steven Stamkos,20122013,TBL,R,C,48,29,28,57,-4,32,1.19,19,39,10,18,0,0,0,2,157,18.5,22:01,49.6
Sidney Crosby,20122013,PIT,L,C,36,15,41,56,26,16,1.56,12,39,3,17,0,0,0,1,124,12.1,21:06,54.3
Alex Ovechkin,20122013,WSH,R,L,48,32,24,56,2,36,1.17,16,29,16,27,0,0,0,4,220,14.6,20:53,0
Patrick Kane,20122013,CHI,L,R,47,23,32,55,11,8,1.17,15,38,8,17,0,0,0,3,138,16.7,20:03,20
Eric Staal,20122013,CAR,L,C,48,18,35,53,5,54,1.1,14,43,3,9,1,1,0,4,152,11.8,21:00,52
Chris Kunitz,20122013,PIT,L,L,48,22,30,52,30,39,1.08,13,36,9,16,0,0,0,5,113,19.5,18:01,44.4
Phil Kessel,20122013,TOR,R,R,48,20,32,52,-3,18,1.08,14,31,6,21,0,0,0,4,161,12.4,19:49,62.5
Taylor Hall,20122013,EDM,L,L,45,16,34,50,5,33,1.11,12,36,4,14,0,0,0,4,154,10.4,18:37,54.7
Ryan Getzlaf,20122013,ANA,R,C,44,15,34,49,14,41,1.11,8,31,4,15,3,3,0,3,99,15.2,20:12,48
Mike Ribeiro,20122013,WSH,L,C,48,13,36,49,-4,53,1.02,7,22,6,27,0,0,0,1,63,20.6,17:50,44.8
Pavel Datsyuk,20122013,DET,L,C,47,15,34,49,21,14,1.04,7,30,8,16,0,3,2,6,107,14,20:11,55
Claude Giroux,20122013,PHI,R,C,48,13,35,48,-7,22,1,6,26,6,21,1,1,0,2,137,9.5,21:10,54.5
Jonathan Toews,20122013,CHI,L,C,47,23,25,48,28,27,1.02,19,39,2,6,2,3,0,5,143,16.1,19:21,59.9
Henrik Zetterberg,20122013,DET,L,C,46,11,37,48,2,18,1.04,5,23,4,23,2,2,0,5,173,6.4,20:31,48.4
Nicklas Backstrom,20122013,WSH,L,C,48,8,40,48,8,20,1,5,30,3,18,0,0,0,1,82,9.8,19:54,51.4
John Tavares,20122013,NYI,L,C,48,28,19,47,-2,18,0.98,19,31,9,16,0,0,0,5,162,17.3,20:46,49.4
Andrew Ladd,20122013,WPG,L,L,48,18,28,46,10,22,0.96,15,40,3,6,0,0,0,4,121,14.9,19:41,53.7
Jakub Voracek,20122013,PHI,L,R,48,22,24,46,-7,35,0.96,14,29,8,17,0,0,0,3,129,17.1,17:14,40
Henrik Sedin,20122013,VAN,L,C,48,11,34,45,19,24,0.94,9,31,1,13,1,1,0,1,70,15.7,19:21,49.4
Nazem Kadri,20122013,TOR,L,C,48,18,26,44,15,23,0.92,13,36,5,8,0,0,0,1,107,16.8,16:03,44.3
Derek Stepan,20122013,NYR,R,C,48,18,26,44,25,12,0.92,13,30,4,10,1,4,0,6,108,16.7,20:55,45.9
Matt Moulson,20122013,NYI,L,L,47,15,29,44,-3,4,0.94,7,29,8,15,0,0,0,0,154,9.7,19:09,100
Alexander Semin,20122013,CAR,R,R,44,13,31,44,14,46,1,9,34,4,9,0,1,0,1,150,8.7,20:57,23.8
Matt Duchene,20122013,COL,L,C,47,17,26,43,-12,12,0.91,15,33,2,9,0,1,1,3,132,12.9,20:55,54.7
PA Parenteau,20122013,COL,R,R,48,18,25,43,-11,38,0.9,12,30,6,13,0,0,0,1,105,17.1,19:09,7.7
Rick Nash,20122013,NYR,L,L,44,21,21,42,16,26,0.95,17,32,3,9,1,1,0,3,176,11.9,19:58,41.7
Anze Kopitar,20122013,LAK,L,C,47,10,32,42,14,16,0.89,10,26,0,16,0,0,0,1,98,10.2,20:29,53.3
Blake Wheeler,20122013,WPG,R,R,48,19,22,41,-3,28,0.85,17,34,2,7,0,0,0,2,129,14.7,18:48,22.2
Thomas Vanek,20122013,BUF,R,L,38,20,21,41,-1,20,1.08,10,26,9,14,1,1,0,2,119,16.8,18:24,66.7
Daniel Sedin,20122013,VAN,L,L,47,12,28,40,12,18,0.85,9,28,3,12,0,0,0,3,138,8.7,19:01,42.9
Joe Thornton,20122013,SJS,L,C,48,7,33,40,6,26,0.83,5,19,2,21,0,0,0,1,85,8.2,18:23,58.5
Max Pacioretty,20122013,MTL,L,L,44,15,24,39,8,28,0.89,11,27,4,12,0,0,0,0,163,9.2,16:31,28.6
Sam Gagner,20122013,EDM,R,C,48,14,24,38,-6,23,0.79,10,21,4,15,0,2,1,1,113,12.4,19:25,43.9
Pascal Dupuis,20122013,PIT,L,R,48,20,18,38,31,26,0.79,17,34,2,3,1,1,0,2,140,14.3,17:30,47.4
Zach Parise,20122013,MIN,L,L,48,18,20,38,2,16,0.79,11,25,7,13,0,0,1,4,182,9.9,20:40,33.3
P.K. Subban,20122013,MTL,R,D,42,11,27,38,12,57,0.9,4,12,7,26,0,0,0,0,126,8.7,23:15,--
Kris Letang,20122013,PIT,R,D,35,5,33,38,16,8,1.09,4,25,1,13,0,0,0,1,95,5.3,25:38,--
Jiri Tlusty,20122013,CAR,L,L,48,23,15,38,15,18,0.79,19,30,4,8,0,0,0,3,117,19.7,18:15,16.7
Jordan Eberle,20122013,EDM,R,R,48,16,21,37,-4,16,0.77,13,28,3,9,0,0,0,3,133,12,19:00,42.1
Mikko Koivu,20122013,MIN,L,C,48,11,26,37,2,26,0.77,11,24,0,13,0,0,1,3,127,8.7,21:06,54
Logan Couture,20122013,SJS,L,C,48,21,16,37,7,4,0.77,14,24,7,12,0,1,0,5,151,13.9,18:06,51.5
Teddy Purcell,20122013,TBL,R,L,48,11,25,36,-1,12,0.75,8,23,3,13,0,0,0,2,94,11.7,16:45,33.3
James Neal,20122013,PIT,L,L,40,21,15,36,5,26,0.9,12,20,9,16,0,0,0,6,136,15.4,17:28,16.7
Patrik Elias,20122013,NJD,L,C,48,14,22,36,5,22,0.75,8,21,5,14,1,1,0,0,118,11.9,18:43,43.6
Corey Perry,20122013,ANA,R,R,44,15,21,36,10,72,0.82,10,25,5,10,0,1,1,5,128,11.7,19:04,20.7
Brad Marchand,20122013,BOS,L,L,45,18,18,36,23,27,0.8,12,30,4,4,2,2,0,5,91,19.8,16:58,50
Chris Stewart,20122013,STL,R,R,48,18,18,36,0,40,0.75,12,24,6,12,0,0,1,3,97,18.6,15:49,29.6
Brad Boyes,20122013,NYI,R,R,48,10,25,35,-6,16,0.73,9,22,1,13,0,0,1,1,97,10.3,18:13,25
Jaromir Jagr,20122013,"DAL,BOS",L,R,45,16,19,35,-2,22,0.78,10,24,6,11,0,0,1,4,115,13.9,18:20,0
Tomas Fleischmann,20122013,FLA,L,L,48,12,23,35,-10,16,0.73,9,21,2,13,1,1,0,2,121,9.9,18:44,50
Michael Ryder,20122013,"DAL,MTL",R,R,46,16,19,35,2,16,0.76,8,18,8,17,0,0,0,5,101,15.8,16:03,33.3
Brad Richards,20122013,NYR,L,C,46,11,23,34,8,14,0.74,8,25,3,9,0,0,0,1,110,10,18:49,50.6
Cody Hodgson,20122013,BUF,R,C,48,15,19,34,-4,20,0.71,11,27,3,5,1,2,0,1,114,13.2,18:24,46.8
Jason Pominville,20122013,"BUF,MIN",R,R,47,14,20,34,1,8,0.72,11,24,2,9,1,1,0,2,118,11.9,20:11,48.6
Troy Brouwer,20122013,WSH,R,R,47,19,14,33,-5,28,0.7,11,16,7,16,1,1,1,5,111,17.1,18:32,47.8
Justin Williams,20122013,LAK,R,R,48,11,22,33,15,22,0.69,10,27,1,6,0,0,0,3,142,7.8,16:59,33.3
Jeff Carter,20122013,LAK,R,C,48,26,7,33,0,16,0.69,18,23,8,10,0,0,1,8,133,19.6,17:35,52.6
Tomas Plekanec,20122013,MTL,L,C,47,14,19,33,3,24,0.7,10,18,4,15,0,0,0,2,133,10.5,19:13,50.6
Evander Kane,20122013,WPG,L,L,48,17,16,33,-3,80,0.69,15,29,2,4,0,0,1,4,190,9,20:27,39.4
David Krejci,20122013,BOS,R,C,47,10,23,33,1,20,0.7,10,26,0,7,0,0,0,5,93,10.8,18:30,55.2
Evgeni Malkin,20122013,PIT,L,C,31,9,24,33,5,36,1.06,5,15,4,18,0,0,0,3,99,9.1,19:42,47.2
Jarome Iginla,20122013,"CGY,PIT",R,R,44,14,19,33,-5,31,0.75,8,21,6,12,0,0,0,3,134,10.5,18:49,49.8
Jamie Benn,20122013,DAL,L,L,41,12,21,33,-12,40,0.8,9,23,3,10,0,0,0,3,110,10.9,19:55,46.1
Mike Richards,20122013,LAK,L,C,48,12,20,32,-8,42,0.67,6,17,6,15,0,0,0,3,82,14.6,16:21,49
Ryan Suter,20122013,MIN,L,D,48,4,28,32,2,24,0.67,1,17,3,15,0,0,0,1,91,4.4,27:17,--
Tyler Seguin,20122013,BOS,R,C,48,16,16,32,23,16,0.67,12,26,4,6,0,0,0,2,161,9.9,17:01,48.9
James van Riemsdyk,20122013,TOR,L,L,48,18,14,32,-7,26,0.67,13,26,5,6,0,0,0,3,140,12.9,19:12,55.8
Patrice Bergeron,20122013,BOS,R,C,42,10,22,32,24,18,0.76,8,27,2,4,0,1,1,3,125,8,19:18,62.1
Bryan Little,20122013,WPG,R,C,48,7,25,32,8,4,0.67,5,26,2,5,0,1,1,2,84,8.3,19:48,51.2
Vincent Lecavalier,20122013,TBL,L,C,39,10,22,32,-5,29,0.82,5,23,5,9,0,0,0,0,86,11.6,17:53,54.5
Michael Cammalleri,20122013,CGY,L,L,44,13,19,32,-15,25,0.73,8,17,5,15,0,0,0,3,102,12.8,18:03,51
Lee Stempniak,20122013,CGY,R,R,47,9,23,32,2,12,0.68,5,22,4,6,0,4,0,2,113,8,17:54,13
Wayne Simmonds,20122013,PHI,R,R,45,15,17,32,-7,84,0.71,9,16,6,16,0,0,0,4,110,13.6,15:38,66.7
Ilya Kovalchuk,20122013,NJD,R,L,37,11,20,31,-6,20,0.84,5,13,2,14,4,4,1,5,123,8.9,23:55,31.8
Jordan Staal,20122013,CAR,L,C,48,10,21,31,-18,32,0.65,9,23,1,7,0,1,0,1,114,8.8,20:06,50.1
Tyler Ennis,20122013,BUF,L,C,47,10,21,31,-14,16,0.66,8,17,2,14,0,0,0,0,108,9.3,17:53,41.9
Ryan Callahan,20122013,NYR,R,R,45,16,15,31,9,12,0.69,8,20,6,8,2,3,1,4,144,11.1,21:31,46.7
Marian Hossa,20122013,CHI,L,R,40,17,14,31,20,16,0.78,12,23,4,6,1,2,3,6,116,14.7,18:02,33.3
Joe Pavelski,20122013,SJS,R,C,48,16,15,31,2,10,0.65,11,19,5,11,0,1,0,5,130,12.3,18:55,51.8
Johan Franzen,20122013,DET,L,R,41,14,17,31,13,41,0.76,8,19,6,12,0,0,0,1,116,12.1,18:05,48.4
Jonathan Huberdeau,20122013,FLA,L,L,48,14,17,31,-15,18,0.65,12,22,2,9,0,0,0,1,112,12.5,16:56,33.3
Patrick Marleau,20122013,SJS,L,C,48,17,14,31,-2,24,0.65,10,16,6,14,1,1,0,3,150,11.3,19:07,47.3
Nail Yakupov,20122013,EDM,L,R,48,17,14,31,-4,24,0.65,11,21,6,10,0,0,1,2,81,21,14:34,0
Lars Eller,20122013,MTL,L,C,46,8,22,30,8,45,0.65,7,25,1,5,0,0,0,1,84,9.5,14:50,49.3
Andrei Markov,20122013,MTL,L,D,48,10,20,30,-9,14,0.63,2,7,8,23,0,0,1,4,79,12.7,24:08,--
Bobby Ryan,20122013,ANA,R,R,46,11,19,30,3,17,0.65,9,24,2,6,0,0,0,1,101,10.9,16:35,30.9
Vinny Prospal,20122013,CBJ,L,L,48,12,18,30,3,32,0.63,8,23,4,7,0,0,0,2,85,14.1,16:32,44.4
Keith Yandle,20122013,PHX,L,D,48,10,20,30,4,54,0.63,5,20,5,10,0,0,0,3,130,7.7,22:15,--
Derick Brassard,20122013,"CBJ,NYR",L,C,47,12,17,29,1,16,0.62,9,18,3,11,0,0,0,1,88,13.6,16:33,48.2
Loui Eriksson,20122013,DAL,L,L,48,12,17,29,-9,8,0.6,9,18,2,10,1,1,1,3,104,11.5,20:07,26.5
Kimmo Timonen,20122013,PHI,L,D,45,5,24,29,3,36,0.64,2,12,3,17,0,0,0,1,78,6.4,21:46,--
Niklas Kronwall,20122013,DET,L,D,48,5,24,29,-5,44,0.6,3,13,2,16,0,0,0,2,67,7.5,24:22,--
Ray Whitney,20122013,DAL,R,L,32,11,18,29,1,4,0.91,7,17,4,12,0,0,0,1,62,17.7,19:24,31.4
Cory Conacher,20122013,"TBL,OTT",L,C,47,11,18,29,3,20,0.62,10,25,1,4,0,0,0,3,67,16.4,13:58,26.7
Cody Franson,20122013,TOR,R,D,45,4,25,29,4,8,0.64,1,16,3,13,0,0,0,0,70,5.7,18:47,--
Frans Nielsen,20122013,NYI,L,C,48,6,23,29,-3,12,0.6,3,18,2,10,1,1,0,1,93,6.5,18:01,48
Kyle Turris,20122013,OTT,R,C,48,12,17,29,6,24,0.6,9,20,3,9,0,0,1,2,118,10.2,19:38,49
Dustin Brown,20122013,LAK,R,R,46,18,11,29,6,22,0.63,10,16,8,13,0,0,0,1,142,12.7,19:30,36.6
Dustin Byfuglien,20122013,WPG,R,D,43,8,20,28,-1,34,0.65,4,18,4,10,0,0,2,2,142,5.6,24:24,--
Brendan Gallagher,20122013,MTL,R,R,44,15,13,28,10,33,0.64,12,24,3,4,0,0,0,3,117,12.8,13:52,32
Radim Vrbata,20122013,PHX,R,R,34,12,16,28,6,14,0.82,9,15,2,12,1,1,0,1,106,11.3,18:19,31.3
David Backes,20122013,STL,R,R,48,6,22,28,5,62,0.58,5,22,1,5,0,1,0,1,100,6,19:37,52.3
David Desharnais,20122013,MTL,L,C,48,10,18,28,-2,26,0.58,8,21,2,7,0,0,0,3,66,15.2,16:28,50
Dion Phaneuf,20122013,TOR,L,D,48,9,19,28,-4,65,0.58,6,12,3,16,0,0,1,1,88,10.2,25:11,--
Shea Weber,20122013,NSH,R,D,48,9,19,28,-2,48,0.58,6,16,3,12,0,0,1,1,124,7.3,25:55,--
Tyler Bozak,20122013,TOR,R,C,46,12,16,28,-1,6,0.61,7,18,4,9,1,1,0,3,61,19.7,20:19,52.6
Dustin Byfuglien,20122013,WPG,R,D,43,8,20,28,-1,34,0.65,4,18,4,10,0,0,2,2,142,5.6,24:24,--
Mark Letestu,20122013,CBJ,R,C,46,13,14,27,7,10,0.59,8,20,3,5,2,2,1,2,92,14.1,16:31,50.1
Brandon Saad,20122013,CHI,L,L,46,10,17,27,17,12,0.59,9,23,0,3,1,1,0,2,98,10.2,16:28,37
Jannik Hansen,20122013,VAN,R,R,47,10,17,27,12,8,0.57,9,24,1,3,0,0,0,2,99,10.1,17:33,9.7
Alex Tanguay,20122013,CGY,L,L,40,11,16,27,-13,22,0.68,8,17,2,9,1,1,1,1,44,25,19:22,39.3
Mark Streit,20122013,NYI,L,D,48,6,21,27,-14,22,0.56,3,16,3,11,0,0,0,1,83,7.2,23:21,--
Shane Doan,20122013,PHX,R,R,48,13,14,27,6,37,0.56,13,24,0,3,0,0,1,2,129,10.1,18:03,26.7
Saku Koivu,20122013,ANA,L,C,47,8,19,27,4,18,0.57,4,19,4,8,0,0,0,0,55,14.6,17:36,51.4
Jiri Hudler,20122013,CGY,L,R,42,10,17,27,-13,22,0.64,5,19,5,8,0,0,0,0,56,17.9,17:10,32.3
Alex Goligoski,20122013,DAL,L,D,47,3,24,27,4,18,0.57,3,15,0,11,0,1,0,0,80,3.8,22:23,--
Marian Gaborik,20122013,"NYR,CBJ",L,R,47,12,15,27,-3,14,0.57,11,18,1,9,0,0,2,5,151,8,18:31,33.3
Tomas Kopecky,20122013,FLA,L,R,47,15,12,27,-8,28,0.57,10,17,4,9,1,1,0,0,92,16.3,17:41,48.8
Matt Cullen,20122013,MIN,L,C,42,7,20,27,9,10,0.64,7,23,0,4,0,0,0,0,79,8.9,15:53,54.7
Brian Campbell,20122013,FLA,L,D,48,8,19,27,-22,12,0.56,2,10,6,17,0,0,0,2,70,11.4,26:25,--
Milan Lucic,20122013,BOS,L,L,46,7,20,27,8,75,0.59,7,25,0,2,0,0,0,0,79,8.9,16:55,48.6
Sergei Gonchar,20122013,OTT,L,D,45,3,24,27,4,26,0.6,1,15,2,12,0,0,1,3,85,3.5,24:00,--
Justin Schultz,20122013,EDM,R,D,48,8,19,27,-17,8,0.56,4,12,4,15,0,0,0,3,85,9.4,21:27,0
Duncan Keith,20122013,CHI,L,D,47,3,24,27,16,31,0.57,1,16,2,10,0,1,0,0,91,3.3,24:07,--
Devin Setoguchi,20122013,MIN,R,R,48,13,14,27,5,20,0.56,8,21,5,6,0,0,1,3,97,13.4,14:26,41.2
Alex Galchenyuk,20122013,MTL,L,C,48,9,18,27,14,20,0.56,9,26,0,1,0,0,0,2,79,11.4,12:19,42.8
Alexander Steen,20122013,STL,L,L,40,8,19,27,5,14,0.68,5,18,3,9,0,0,1,3,129,6.2,19:00,46.1
Mikkel Boedker,20122013,PHX,L,L,48,7,19,26,0,12,0.54,4,19,3,7,0,0,0,2,83,8.4,18:29,9.1
Curtis Glencross,20122013,CGY,L,L,40,15,11,26,-8,18,0.65,11,19,3,6,1,1,0,3,92,16.3,18:14,43.5
Damien Brunner,20122013,DET,R,R,44,12,14,26,-6,12,0.59,9,16,3,10,0,0,0,1,123,9.8,15:35,40
Daniel Alfredsson,20122013,OTT,R,R,47,10,16,26,1,33,0.55,7,14,3,11,0,1,0,2,101,9.9,19:21,42.1
Mike Green,20122013,WSH,R,D,35,12,14,26,-3,20,0.74,8,12,4,14,0,0,1,2,96,12.5,24:51,--
Brayden Schenn,20122013,PHI,L,C,47,8,18,26,-8,24,0.55,6,16,2,10,0,0,0,0,79,10.1,15:32,45.5
Brian Gionta,20122013,MTL,R,R,48,14,12,26,3,8,0.54,9,19,5,7,0,0,0,3,112,12.5,18:07,33.3
Patrik Berglund,20122013,STL,L,C,48,17,8,25,-2,12,0.52,10,17,5,6,2,2,1,3,74,23,16:50,46.3
Brenden Morrow,20122013,"DAL,PIT",L,L,44,12,13,25,-3,37,0.57,10,21,2,4,0,0,0,2,55,21.8,14:52,54.2
David Perron,20122013,STL,R,L,48,10,15,25,0,44,0.52,8,19,2,6,0,0,0,2,84,11.9,18:00,36.4
David Legwand,20122013,NSH,L,C,48,12,13,25,-6,20,0.52,10,21,2,4,0,0,0,2,78,15.4,18:26,50.2
Slava Voynov,20122013,LAK,R,D,48,6,19,25,5,14,0.52,5,17,1,8,0,0,0,2,79,7.6,22:18,100
Jeff Skinner,20122013,CAR,L,L,42,13,11,24,-21,26,0.57,8,15,5,9,0,0,0,0,159,8.2,18:28,47.7
Paul Stastny,20122013,COL,L,C,40,9,15,24,-7,14,0.6,7,14,2,10,0,0,0,1,87,10.3,19:21,52.4
Francois Beauchemin,20122013,ANA,L,D,48,6,18,24,19,22,0.5,5,16,1,8,0,0,0,0,74,8.1,23:27,--
David Clarkson,20122013,NJD,R,R,48,15,9,24,-6,78,0.5,9,16,6,8,0,0,0,5,180,8.3,17:36,24
Alex Pietrangelo,20122013,STL,R,D,47,5,19,24,0,10,0.51,3,17,2,6,0,1,0,0,93,5.4,25:07,--
Cody Eakin,20122013,DAL,L,C,48,7,17,24,1,31,0.5,4,21,3,3,0,0,0,1,67,10.5,15:05,48.6
Teemu Selanne,20122013,ANA,R,R,46,12,12,24,-10,28,0.52,9,17,3,7,0,0,0,1,96,12.5,15:42,50.6
Ryan Nugent-Hopkins,20122013,EDM,L,C,40,4,20,24,3,8,0.6,2,13,2,11,0,0,0,0,78,5.1,18:52,41
Dan Hamhuis,20122013,VAN,L,D,47,4,20,24,9,12,0.51,3,17,0,6,1,1,0,0,61,6.6,23:23,--
Matt Read,20122013,PHI,R,R,42,11,13,24,1,2,0.57,10,21,1,3,0,0,0,2,72,15.3,18:01,29.2
Kyle Okposo,20122013,NYI,R,R,48,4,20,24,-2,38,0.5,4,21,0,3,0,0,0,0,101,4,16:57,55.9
Carl Hagelin,20122013,NYR,L,L,48,10,14,24,10,18,0.5,9,23,1,1,0,0,0,1,132,7.6,17:18,41.2
Alexandre Burrows,20122013,VAN,L,R,47,13,11,24,15,54,0.51,12,21,1,3,0,0,0,2,140,9.3,18:54,44.4
Martin Erat,20122013,"NSH,WSH",L,R,45,5,19,24,-7,30,0.53,4,16,1,8,0,0,0,2,69,7.3,17:55,51.6
Steve Ott,20122013,BUF,L,C,48,9,15,24,3,93,0.5,7,19,2,3,0,2,1,3,73,12.3,18:33,55.7
Oliver Ekman-Larsson,20122013,PHX,L,D,48,3,21,24,5,26,0.5,3,16,0,8,0,0,0,1,101,3,25:06,--
Viktor Stalberg,20122013,CHI,L,L,47,9,14,23,16,25,0.49,9,21,0,2,0,0,0,1,113,8,14:07,0
Kevin Shattenkirk,20122013,STL,R,D,48,5,18,23,2,20,0.48,3,14,2,9,0,0,0,0,84,6,21:18,--
Matt Stajan,20122013,CGY,L,C,43,5,18,23,7,26,0.53,5,23,0,0,0,0,0,1,44,11.4,17:10,46.2
Nikolay Kulemin,20122013,TOR,L,L,48,7,16,23,-5,22,0.48,7,23,0,0,0,0,0,0,72,9.7,16:44,50
Andrew Cogliano,20122013,ANA,L,C,48,13,10,23,14,6,0.48,11,21,0,0,2,2,0,1,79,16.5,15:22,34.8
Bryan Bickell,20122013,CHI,L,L,48,9,14,23,12,25,0.48,9,23,0,0,0,0,0,2,82,11,12:48,33.3
Paul Martin,20122013,PIT,L,D,34,6,17,23,14,16,0.68,4,14,2,9,0,0,0,1,38,15.8,25:20,--
Martin Hanzal,20122013,PHX,L,C,39,11,12,23,2,24,0.59,7,15,4,7,0,1,0,2,93,11.8,18:32,46.8
Mason Raymond,20122013,VAN,L,L,46,10,12,22,2,16,0.48,6,16,4,6,0,0,0,1,79,12.7,15:49,34
Matt Carle,20122013,TBL,L,D,48,5,17,22,1,4,0.46,3,17,2,5,0,0,0,0,66,7.6,23:45,--
Christian Ehrhoff,20122013,BUF,L,D,47,5,17,22,6,34,0.47,4,13,1,9,0,0,0,2,102,4.9,25:11,--
Alexander Edler,20122013,VAN,L,D,45,8,14,22,-5,37,0.49,3,12,5,10,0,0,0,0,113,7.1,23:51,100
Marcus Johansson,20122013,WSH,L,C,34,6,16,22,3,4,0.65,3,17,3,4,0,1,0,1,40,15,16:35,46
Nathan Horton,20122013,BOS,R,R,43,13,9,22,1,22,0.51,13,21,0,1,0,0,0,1,114,11.4,16:51,50
Drew Doughty,20122013,LAK,R,D,48,6,16,22,4,36,0.46,3,12,3,10,0,0,0,0,114,5.3,26:24,--
Jay Bouwmeester,20122013,"CGY,STL",L,D,47,7,15,22,-6,22,0.47,6,13,1,7,0,2,0,0,79,8.9,24:38,--
John Carlson,20122013,WSH,R,D,48,6,16,22,11,18,0.46,6,17,0,5,0,0,0,0,97,6.2,23:01,100
Dennis Wideman,20122013,CGY,R,D,46,6,16,22,-9,12,0.48,2,8,4,13,0,1,0,1,94,6.4,25:01,0
Fedor Tyutin,20122013,CBJ,L,D,48,4,18,22,9,28,0.46,4,16,0,5,0,1,1,1,56,7.1,24:06,100
Jussi Jokinen,20122013,"CAR,PIT",L,L,43,13,9,22,-5,24,0.51,10,15,3,7,0,0,0,3,74,17.6,15:26,57.9
Jamie McGinn,20122013,COL,L,L,47,11,11,22,-13,26,0.47,8,15,3,7,0,0,0,2,128,8.6,17:17,50
Andy McDonald,20122013,STL,L,C,37,7,14,21,-2,16,0.57,6,14,1,7,0,0,0,2,86,8.1,17:15,48
Antoine Vermette,20122013,PHX,L,C,48,13,8,21,-3,36,0.44,10,18,3,3,0,0,0,3,91,14.3,18:15,57.5
Matt Cooke,20122013,PIT,L,L,48,8,13,21,-2,36,0.44,8,21,0,0,0,0,0,1,61,13.1,14:43,21.4
Kyle Palmieri,20122013,ANA,R,R,42,10,11,21,2,9,0.5,8,18,2,3,0,0,0,5,92,10.9,12:20,8.3
Dany Heatley,20122013,MIN,L,L,36,11,10,21,-12,8,0.58,8,14,3,7,0,0,0,1,83,13.3,18:32,38.7
Shawn Matthias,20122013,FLA,L,L,48,14,7,21,-8,16,0.44,11,17,2,3,1,1,0,1,106,13.2,15:11,44.1
Michael Grabner,20122013,NYI,L,L,45,16,5,21,4,12,0.47,13,17,2,3,1,1,0,3,108,14.8,14:48,45.5
Michael Del Zotto,20122013,NYR,L,D,46,3,18,21,6,18,0.46,2,12,0,8,1,1,0,0,81,3.7,23:10,--
Mike Fisher,20122013,NSH,R,C,38,10,11,21,6,27,0.55,9,15,1,6,0,0,0,0,68,14.7,19:28,48.9
Clarke MacArthur,20122013,TOR,L,L,40,8,12,20,3,26,0.5,6,16,2,4,0,0,0,1,62,12.9,14:55,83.3
Ryan O'Reilly,20122013,COL,L,C,29,6,14,20,-3,4,0.69,3,14,3,6,0,0,0,0,66,9.1,18:30,52.9
Brent Seabrook,20122013,CHI,R,D,47,8,12,20,12,23,0.43,5,13,3,7,0,0,1,1,65,12.3,22:00,--
Dan Boyle,20122013,SJS,R,D,46,7,13,20,3,27,0.43,2,6,5,13,0,1,0,0,97,7.2,22:48,--
Victor Hedman,20122013,TBL,L,D,44,4,16,20,1,31,0.45,4,18,0,2,0,0,0,0,76,5.3,22:40,--
Joel Ward,20122013,WSH,R,R,39,8,12,20,7,12,0.51,6,16,1,3,1,1,0,1,52,15.4,15:08,58.5
John Mitchell,20122013,COL,L,C,47,10,10,20,5,18,0.43,9,17,1,3,0,0,0,1,72,13.9,16:45,49.7
Travis Zajac,20122013,NJD,R,C,48,7,13,20,-5,22,0.42,5,15,1,4,1,1,0,1,82,8.5,19:32,57.4
Patrick Sharp,20122013,CHI,R,L,28,6,14,20,8,14,0.71,5,13,1,7,0,0,0,1,88,6.8,18:50,64.5
Mika Zibanejad,20122013,OTT,R,C,42,7,13,20,9,6,0.48,4,16,3,4,0,0,0,0,90,7.8,13:34,46.4
Brandon Dubinsky,20122013,CBJ,L,C,29,2,18,20,2,76,0.69,1,12,1,7,0,1,0,0,50,4,18:24,58.3
Pierre-Marc Bouchard,20122013,MIN,L,C,43,8,12,20,3,8,0.47,8,18,0,2,0,0,0,2,71,11.3,13:57,14.3
David Moss,20122013,PHX,R,R,45,5,15,20,3,21,0.44,3,17,1,2,1,1,0,0,82,6.1,15:33,29
Ales Hemsky,20122013,EDM,R,R,38,9,11,20,-6,16,0.53,4,11,5,9,0,0,0,1,82,11,15:42,50
Benoit Pouliot,20122013,TBL,L,L,34,8,12,20,8,15,0.59,8,17,0,3,0,0,1,1,60,13.3,13:14,32.3
Brent Burns,20122013,SJS,R,D,30,9,11,20,0,20,0.67,7,17,2,3,0,0,0,0,81,11.1,16:17,30.8
T.J. Oshie,20122013,STL,R,R,30,7,13,20,-5,15,0.67,4,8,2,10,1,2,0,1,65,10.8,19:06,38.5
Ryan McDonagh,20122013,NYR,L,D,47,4,15,19,13,22,0.4,4,17,0,1,0,1,0,1,83,4.8,24:21,0
Patrick Wiercioch,20122013,OTT,L,D,42,5,14,19,9,39,0.45,2,9,3,10,0,0,0,0,81,6.2,15:42,--
Colin Wilson,20122013,NSH,L,C,25,7,12,19,1,4,0.76,5,13,2,6,0,0,1,1,26,26.9,16:34,38.1
Josh Bailey,20122013,NYI,L,R,38,11,8,19,7,6,0.5,11,17,0,2,0,0,0,1,76,14.5,16:23,46.7
Zdeno Chara,20122013,BOS,L,D,48,7,12,19,14,70,0.4,4,14,3,4,0,1,0,2,119,5.9,24:56,0
Jack Johnson,20122013,CBJ,L,D,44,5,14,19,-5,12,0.43,2,11,3,8,0,0,0,1,96,5.2,25:58,--
Nick Foligno,20122013,CBJ,L,L,45,6,13,19,6,28,0.42,5,16,1,3,0,0,1,2,69,8.7,16:31,33.3
Ryane Clowe,20122013,"SJS,NYR",L,L,40,3,16,19,1,93,0.48,2,15,1,4,0,0,0,0,87,3.5,16:38,33.3
Jakob Silfverberg,20122013,OTT,R,R,48,10,9,19,9,12,0.4,7,15,2,3,1,1,0,2,134,7.5,16:14,38.5
Vladimir Tarasenko,20122013,STL,L,R,38,8,11,19,1,10,0.5,5,14,3,5,0,0,0,1,75,10.7,13:25,100
Vladimir Sobotka,20122013,STL,L,C,48,8,11,19,-4,35,0.4,7,15,1,4,0,0,1,2,69,11.6,15:27,56.5
Marcel Goc,20122013,FLA,L,C,42,9,10,19,-6,8,0.45,5,13,4,6,0,0,0,1,92,9.8,18:16,52.2
Alex Killorn,20122013,TBL,L,L,38,7,12,19,-6,14,0.5,6,16,1,3,0,0,0,2,82,8.5,16:49,39.3
Colin Greening,20122013,OTT,L,C,47,8,11,19,5,11,0.4,6,15,2,4,0,0,0,2,80,10,14:44,46.8
Daniel Winnik,20122013,ANA,L,L,48,6,13,19,13,16,0.4,6,19,0,0,0,0,0,1,95,6.3,16:50,30.2
Marek Zidlicky,20122013,NJD,R,D,48,4,15,19,-12,38,0.4,3,8,1,11,0,0,0,0,101,4,21:00,--
Brandon Sutter,20122013,PIT,R,C,48,11,8,19,3,4,0.4,8,15,3,4,0,0,1,5,82,13.4,16:24,50.2
Drew Stafford,20122013,BUF,R,R,46,6,12,18,-16,21,0.39,6,15,0,3,0,0,0,0,121,5,17:01,44.1
Nik Antropov,20122013,WPG,L,C,40,6,12,18,6,16,0.45,4,15,2,3,0,0,0,0,56,10.7,15:57,42.1
Marcus Foligno,20122013,BUF,L,L,47,5,13,18,-4,41,0.38,4,13,1,4,0,1,0,0,55,9.1,13:38,60
Roman Josi,20122013,NSH,L,D,48,5,13,18,-7,8,0.38,4,11,1,7,0,0,1,1,96,5.2,23:32,--
R.J. Umberger,20122013,CBJ,L,C,48,8,10,18,3,16,0.38,6,13,2,5,0,0,0,0,96,8.3,18:29,50
Artem Anisimov,20122013,CBJ,L,C,35,11,7,18,-6,12,0.51,10,17,1,1,0,0,1,3,68,16.2,16:25,48.9
Cam Atkinson,20122013,CBJ,R,R,35,9,9,18,9,4,0.51,8,16,1,2,0,0,0,1,91,9.9,15:35,--
Jarret Stoll,20122013,LAK,R,C,48,7,11,18,1,28,0.38,5,11,1,5,1,2,0,3,73,9.6,16:31,56
Rich Peverley,20122013,BOS,R,C,47,6,12,18,-9,16,0.38,4,10,2,6,0,2,0,0,95,6.3,15:15,58.5
Raffi Torres,20122013,"PHX,SJS",L,L,39,7,11,18,0,17,0.46,6,17,1,1,0,0,0,0,60,11.7,13:16,46.2
Nick Leddy,20122013,CHI,L,D,48,6,12,18,15,10,0.38,4,10,2,8,0,0,1,2,65,9.2,17:25,--
Martin Havlat,20122013,SJS,L,R,40,8,10,18,7,30,0.45,7,14,1,4,0,0,0,1,89,9,15:51,16.7
Eric Fehr,20122013,WSH,R,C,41,9,8,17,14,10,0.41,6,13,2,3,1,1,2,2,72,12.5,13:22,0
Sami Salo,20122013,TBL,R,D,46,2,15,17,5,16,0.37,1,10,1,7,0,0,0,0,48,4.2,20:59,--
Steve Sullivan,20122013,"PHX,NJD",R,L,42,7,10,17,-12,24,0.4,3,9,4,8,0,0,0,1,61,11.5,14:33,50
Joe Corvo,20122013,CAR,R,D,40,6,11,17,-3,14,0.43,3,9,3,8,0,0,0,2,71,8.5,18:46,--
Vernon Fiddler,20122013,DAL,L,C,46,4,13,17,3,48,0.37,3,14,1,2,0,1,0,0,56,7.1,12:51,51.5
Jay McClement,20122013,TOR,L,C,48,8,9,17,0,11,0.35,8,17,0,0,0,0,0,0,48,16.7,15:15,51.7
Peter Mueller,20122013,FLA,R,C,43,8,9,17,-11,18,0.4,6,13,2,4,0,0,0,0,131,6.1,16:16,44.2
Gabriel Landeskog,20122013,COL,L,L,36,9,8,17,-4,22,0.47,6,12,0,2,3,3,0,1,109,8.3,19:20,33.3
Valtteri Filppula,20122013,DET,L,C,41,9,8,17,-4,6,0.41,6,14,3,3,0,0,0,0,78,11.5,17:47,55.4
Dennis Seidenberg,20122013,BOS,L,D,46,4,13,17,18,10,0.37,4,15,0,2,0,0,0,2,83,4.8,23:48,--
Daniel Paille,20122013,BOS,L,L,46,10,7,17,3,8,0.37,8,14,0,1,2,2,0,1,70,14.3,12:41,20
Roman Cervenka,20122013,CGY,L,C,39,9,8,17,-13,14,0.44,8,13,1,4,0,0,0,0,51,17.7,13:08,46.4
Sheldon Souray,20122013,ANA,L,D,44,7,10,17,19,52,0.39,5,12,2,5,0,0,0,3,80,8.8,20:56,100
Colin McDonald,20122013,NYI,R,R,45,7,10,17,-1,32,0.38,6,16,1,1,0,0,0,0,82,8.5,11:22,50
Mathieu Perreault,20122013,WSH,L,L,39,6,11,17,7,20,0.44,4,14,2,3,0,0,0,1,47,12.8,11:40,51.7
Andy Greene,20122013,NJD,L,D,48,4,12,16,12,20,0.33,1,9,2,6,1,1,0,1,63,6.4,23:02,--
Tom Pyatt,20122013,TBL,L,L,43,8,8,16,5,12,0.37,8,16,0,0,0,0,0,1,60,13.3,13:35,50
Adam Henrique,20122013,NJD,L,C,42,11,5,16,-3,16,0.38,6,9,3,4,2,3,0,2,78,14.1,18:19,49
Jake Muzzin,20122013,LAK,L,D,45,7,9,16,16,35,0.36,4,9,3,7,0,0,0,1,77,9.1,17:54,--
Jason Garrison,20122013,VAN,L,D,47,8,8,16,18,28,0.34,5,10,3,6,0,0,0,2,94,8.5,21:41,--
Mikael Backlund,20122013,CGY,L,C,32,8,8,16,-6,29,0.5,6,12,2,4,0,0,0,1,88,9.1,15:07,47.7
Simon Gagne,20122013,"LAK,PHI",L,L,38,5,11,16,-1,8,0.42,3,11,2,4,0,1,0,0,76,6.6,14:08,100
Patrick Dwyer,20122013,CAR,R,R,46,8,8,16,-7,12,0.35,6,14,1,1,1,1,0,0,93,8.6,15:26,36.2
Daniel Briere,20122013,PHI,R,C,34,6,10,16,-13,10,0.47,3,10,3,6,0,0,1,1,87,6.9,16:04,45.9
Dougie Hamilton,20122013,BOS,R,D,42,5,11,16,4,14,0.38,3,12,2,4,0,0,0,0,83,6,17:08,--
Magnus Paajarvi,20122013,EDM,L,L,42,9,7,16,-1,14,0.38,6,13,2,2,1,1,0,2,75,12,14:08,33.3
Gabriel Bourque,20122013,NSH,L,L,34,11,5,16,6,4,0.47,7,12,3,3,1,1,0,2,50,22,15:50,66.7
Mikhail Grabovski,20122013,TOR,L,C,48,9,7,16,-10,24,0.33,9,13,0,3,0,0,0,1,80,11.3,15:34,50.6
Grant Clitsome,20122013,WPG,L,D,44,4,12,16,10,18,0.36,2,13,2,3,0,0,0,0,56,7.1,18:50,--
Matt Calvert,20122013,CBJ,L,L,42,9,7,16,-9,32,0.38,8,15,0,0,1,1,1,2,63,14.3,14:11,33.3
Chris Higgins,20122013,VAN,L,L,41,10,5,15,-4,10,0.37,10,15,0,0,0,0,0,1,77,13,16:25,36.3
Zack Smith,20122013,OTT,L,C,48,4,11,15,-9,56,0.31,4,13,0,2,0,0,0,0,94,4.3,15:09,51.9
Toby Enstrom,20122013,WPG,L,D,22,4,11,15,-8,8,0.68,3,7,1,7,0,1,0,2,21,19.1,22:31,--
Scott Gomez,20122013,SJS,L,C,39,2,13,15,-10,22,0.38,2,7,0,8,0,0,0,0,58,3.5,13:32,55.9
Jared Spurgeon,20122013,MIN,R,D,39,5,10,15,1,4,0.38,1,8,4,7,0,0,0,2,67,7.5,21:33,--
Andrew Shaw,20122013,CHI,R,R,48,9,6,15,6,38,0.31,7,13,2,2,0,0,0,2,64,14.1,15:03,44
Nate Thompson,20122013,TBL,L,C,45,7,8,15,-2,17,0.33,7,15,0,0,0,0,0,0,58,12.1,14:20,51.2
Sergei Kostitsyn,20122013,NSH,L,L,46,3,12,15,-5,11,0.33,2,12,1,3,0,0,0,0,42,7.1,16:43,75
Ryan Carter,20122013,NJD,L,L,44,6,9,15,-2,31,0.34,5,12,0,0,1,3,0,1,63,9.5,13:03,51.8
Justin Faulk,20122013,CAR,R,D,38,5,10,15,1,15,0.39,3,11,1,3,1,1,0,0,76,6.6,24:00,--
Steve Bernier,20122013,NJD,R,R,47,8,7,15,-7,17,0.32,6,11,2,4,0,0,0,1,88,9.1,13:46,50
Casey Cizikas,20122013,NYI,L,C,45,6,9,15,0,14,0.33,6,14,0,1,0,0,0,1,45,13.3,10:47,52.2
Kyle Wellwood,20122013,WPG,R,C,39,6,9,15,0,2,0.38,6,13,0,2,0,0,0,2,37,16.2,12:59,55.1
Mark Giordano,20122013,CGY,L,D,47,4,11,15,-7,40,0.32,2,10,1,3,1,2,1,1,58,6.9,23:10,--
Daniel Cleary,20122013,DET,L,R,48,9,6,15,-6,40,0.31,3,9,5,5,1,1,0,0,93,9.7,16:27,47.8
Sean Couturier,20122013,PHI,L,C,46,4,11,15,-8,10,0.33,4,11,0,4,0,0,0,0,75,5.3,15:53,43.9
Carl Gunnarsson,20122013,TOR,L,D,37,1,14,15,5,14,0.41,1,15,0,0,0,0,0,0,28,3.6,21:17,--
Jochen Hecht,20122013,BUF,L,C,47,5,9,14,6,18,0.3,4,13,0,0,1,1,0,1,69,7.3,13:42,41.6
Antoine Roussel,20122013,DAL,L,L,39,7,7,14,3,85,0.36,7,14,0,0,0,0,0,0,46,15.2,9:24,54.6
TJ Brodie,20122013,CGY,L,D,47,2,12,14,-9,8,0.3,2,8,0,6,0,0,0,0,44,4.6,20:13,--
Chris Phillips,20122013,OTT,L,D,48,5,9,14,-5,43,0.29,4,13,1,1,0,0,0,0,89,5.6,21:03,--
Boyd Gordon,20122013,PHX,R,C,48,4,10,14,0,8,0.29,4,11,0,2,0,1,0,0,59,6.8,15:01,57.3
Beau Bennett,20122013,PIT,R,R,26,3,11,14,7,6,0.54,2,9,1,5,0,0,0,2,30,10,12:18,25
Dan Girardi,20122013,NYR,R,D,46,2,12,14,-1,16,0.3,2,12,0,2,0,0,1,1,81,2.5,25:25,--
Olli Jokinen,20122013,WPG,L,C,45,7,7,14,-19,14,0.31,7,13,0,1,0,0,0,0,85,8.2,17:08,47.6
Dave Bolland,20122013,CHI,R,C,35,7,7,14,-7,22,0.4,6,10,1,3,0,1,0,1,46,15.2,16:20,46.1
Lubomir Visnovsky,20122013,NYI,L,D,35,3,11,14,12,20,0.4,2,6,1,8,0,0,0,0,69,4.4,22:48,--
Jason Chimera,20122013,WSH,L,L,47,3,11,14,-5,48,0.3,3,14,0,0,0,0,0,0,92,3.3,12:40,58.3
Trevor Lewis,20122013,LAK,R,C,48,5,9,14,5,19,0.29,4,12,0,0,1,2,0,2,92,5.4,15:12,48.4
Charlie Coyle,20122013,MIN,R,C,37,8,6,14,3,28,0.38,7,13,1,1,0,0,0,2,50,16,15:04,34.6
Kevin Klein,20122013,NSH,R,D,47,3,11,14,-1,9,0.3,3,14,0,0,0,0,0,0,54,5.6,20:25,--
Dustin Penner,20122013,LAK,L,L,33,2,12,14,-2,18,0.42,2,13,0,1,0,0,0,0,61,3.3,12:42,40
Kyle Clifford,20122013,LAK,L,L,48,7,7,14,1,51,0.29,7,14,0,0,0,0,0,1,56,12.5,10:36,11.1
Stephen Gionta,20122013,NJD,R,C,48,4,10,14,2,14,0.29,4,13,0,0,0,1,0,0,58,6.9,13:02,35.1
Brandon Prust,20122013,MTL,L,L,38,5,9,14,11,110,0.37,5,14,0,0,0,0,0,1,39,12.8,13:38,45.5
Raphael Diaz,20122013,MTL,R,D,23,1,13,14,4,6,0.61,1,6,0,8,0,0,0,0,34,2.9,20:33,--
Kyle Chipchura,20122013,PHX,L,C,46,5,9,14,1,50,0.3,5,14,0,0,0,0,0,0,37,13.5,9:42,48.3
Milan Michalek,20122013,OTT,L,L,23,4,10,14,8,17,0.61,4,11,0,2,0,1,0,0,58,6.9,18:11,50
TJ Galiardi,20122013,SJS,L,L,36,5,9,14,1,14,0.39,4,12,1,2,0,0,0,0,68,7.4,13:52,26.3
James Wisniewski,20122013,CBJ,R,D,30,5,9,14,-1,15,0.47,1,8,4,5,0,1,0,0,62,8.1,22:50,--
Beau Bennett,20122013,PIT,R,R,26,3,11,14,7,6,0.54,2,9,1,5,0,0,0,2,30,10,12:18,25
Boyd Gordon,20122013,PHX,R,C,48,4,10,14,0,8,0.29,4,11,0,2,0,1,0,0,59,6.8,15:01,57.3
Kyle Chipchura,20122013,PHX,L,C,46,5,9,14,1,50,0.3,5,14,0,0,0,0,0,0,37,13.5,9:42,48.3
Ron Hainsey,20122013,WPG,L,D,47,0,13,13,-8,10,0.28,0,12,0,1,0,0,0,0,52,0,22:52,--
Ryan Smyth,20122013,EDM,L,L,47,2,11,13,-5,40,0.28,1,11,0,1,1,1,0,0,69,2.9,15:22,43.1
Ryan Whitney,20122013,EDM,L,D,34,4,9,13,-7,23,0.38,4,6,0,7,0,0,0,0,30,13.3,18:29,--
Ruslan Fedotenko,20122013,PHI,L,L,47,4,9,13,8,12,0.28,4,12,0,0,0,1,1,1,43,9.3,12:34,36
Jaden Schwartz,20122013,STL,L,L,45,7,6,13,-4,4,0.29,7,13,0,0,0,0,0,1,50,14,12:28,55.6
Nick Spaling,20122013,NSH,L,C,47,9,4,13,-10,18,0.28,8,10,1,2,0,1,0,2,57,15.8,15:52,46.3
Tommy Wingels,20122013,SJS,R,C,42,5,8,13,-9,26,0.31,4,11,0,1,1,1,0,0,69,7.3,14:14,25
Trevor Daley,20122013,DAL,L,D,44,4,9,13,1,14,0.3,2,9,2,3,0,1,0,0,58,6.9,21:25,--
Marcus Kruger,20122013,CHI,L,C,47,4,9,13,3,24,0.28,4,11,0,2,0,0,0,2,50,8,14:10,46.3
Jakub Kindl,20122013,DET,L,D,41,4,9,13,15,28,0.32,3,10,1,3,0,0,0,2,76,5.3,18:33,--
Jonathan Ericsson,20122013,DET,L,D,45,3,10,13,6,29,0.29,3,13,0,0,0,0,0,1,34,8.8,21:19,--
Nick Bonino,20122013,ANA,L,C,27,5,8,13,-3,8,0.48,4,10,1,3,0,0,0,0,37,13.5,15:53,46.8
Justin Abdelkader,20122013,DET,L,L,48,10,3,13,6,34,0.27,10,13,0,0,0,0,0,0,96,10.4,14:49,52
Matt Frattin,20122013,TOR,R,R,25,7,6,13,6,4,0.52,7,13,0,0,0,0,1,3,42,16.7,13:14,62.5
Stephane Robidas,20122013,DAL,R,D,48,1,12,13,2,56,0.27,1,9,0,4,0,0,0,0,46,2.2,22:14,--
Rene Bourque,20122013,MTL,L,R,27,7,6,13,-1,32,0.48,5,10,2,3,0,0,1,1,63,11.1,16:20,0
Erik Cole,20122013,"MTL,DAL",L,L,47,9,4,13,-6,20,0.28,8,10,1,3,0,0,0,2,86,10.5,16:24,32.8
Tom Gilbert,20122013,MIN,R,D,43,3,10,13,-11,18,0.3,2,9,1,4,0,0,0,0,36,8.3,19:19,--
Matt Beleskey,20122013,ANA,L,L,42,8,5,13,2,56,0.31,6,11,2,2,0,0,0,1,61,13.1,12:01,31.6
Andrew Ference,20122013,BOS,L,D,48,4,9,13,9,35,0.27,4,12,0,0,0,1,0,0,66,6.1,19:29,--
Gregory Campbell,20122013,BOS,L,C,48,4,9,13,2,41,0.27,3,11,0,1,1,1,0,0,52,7.7,13:43,47.1
Drew Shore,20122013,FLA,R,C,43,3,10,13,-10,14,0.3,1,9,1,3,1,1,0,1,96,3.1,15:48,47.9
Tyson Barrie,20122013,COL,R,D,32,2,11,13,-11,10,0.41,1,8,1,5,0,0,1,1,58,3.5,21:35,--
Chris Neil,20122013,OTT,R,R,48,4,8,12,0,144,0.25,4,9,0,3,0,0,0,3,87,4.6,13:52,50
Eric Brewer,20122013,TBL,L,D,48,4,8,12,3,32,0.25,3,11,1,1,0,0,0,1,56,7.1,20:31,--
Erik Condra,20122013,OTT,R,R,48,4,8,12,3,34,0.25,4,12,0,0,0,0,0,0,73,5.5,13:10,38.1
Andrej Sekera,20122013,BUF,L,D,37,2,10,12,-2,4,0.32,2,11,0,0,0,1,0,0,33,6.1,21:12,--
Matt Irwin,20122013,SJS,L,D,38,6,6,12,-1,10,0.32,2,7,4,5,0,0,0,0,79,7.6,19:06,--
Barret Jackman,20122013,STL,L,D,46,3,9,12,6,39,0.26,3,12,0,0,0,0,0,0,39,7.7,19:19,--
Alexei Emelin,20122013,MTL,L,D,38,3,9,12,2,33,0.32,3,12,0,0,0,0,0,0,33,9.1,19:40,--
Johnny Oduya,20122013,CHI,L,D,48,3,9,12,12,10,0.25,3,10,0,1,0,1,0,0,52,5.8,20:31,--
Jack Skille,20122013,FLA,R,R,40,3,9,12,-9,11,0.3,3,12,0,0,0,0,0,0,69,4.4,13:19,50
Cody McLeod,20122013,COL,L,L,48,8,4,12,4,83,0.25,8,11,0,1,0,0,0,0,79,10.1,13:05,41.2
Jeff Petry,20122013,EDM,R,D,48,3,9,12,1,29,0.25,2,11,0,0,1,1,0,0,66,4.6,21:55,0
Kyle Brodziak,20122013,MIN,R,C,48,8,4,12,-18,20,0.25,6,9,1,2,1,1,0,1,88,9.1,17:21,49.4
Keith Aucoin,20122013,NYI,L,C,41,6,6,12,-1,4,0.29,5,11,1,1,0,0,0,1,50,12,12:30,48.6
Michal Rozsival,20122013,CHI,R,D,27,0,12,12,18,14,0.44,0,11,0,0,0,1,0,0,13,0,18:07,0
Kevin Bieksa,20122013,VAN,R,D,36,6,6,12,6,48,0.33,4,9,2,3,0,0,0,1,77,7.8,21:56,--
Andrew MacDonald,20122013,NYI,L,D,48,3,9,12,-2,20,0.25,2,9,1,3,0,0,0,1,45,6.7,23:31,--
Rob Scuderi,20122013,LAK,L,D,48,1,11,12,-6,4,0.25,1,11,0,0,0,1,0,0,33,3,21:47,0
Craig Smith,20122013,NSH,R,C,44,4,8,12,-11,20,0.27,2,5,2,7,0,0,0,0,83,4.8,13:51,39.5
Shawn Horcoff,20122013,EDM,L,C,31,7,5,12,8,24,0.39,4,8,3,4,0,0,0,1,41,17.1,16:51,49
Blake Comeau,20122013,"CGY,CBJ",R,L,42,6,6,12,-4,20,0.29,5,11,0,0,1,1,0,1,48,12.5,12:10,46.5
Ryan Johansen,20122013,CBJ,R,C,40,5,7,12,-7,12,0.3,5,11,0,1,0,0,0,2,84,6,16:05,51.4
Andrei Loktionov,20122013,NJD,L,C,28,8,4,12,-2,4,0.43,7,9,1,3,0,0,0,0,47,17,14:15,38.8
Matt Halischuk,20122013,NSH,R,R,36,5,6,11,1,10,0.31,5,11,0,0,0,0,0,1,51,9.8,11:57,33.3
Bobby Butler,20122013,"NJD,NSH",R,R,34,4,7,11,-8,4,0.32,3,7,1,4,0,0,0,0,41,9.8,10:48,40
Taylor Pyatt,20122013,NYR,L,L,48,6,5,11,5,6,0.23,5,9,1,2,0,0,0,0,56,10.7,13:06,40
Marc Methot,20122013,OTT,L,D,47,2,9,11,2,31,0.23,2,10,0,1,0,0,0,0,53,3.8,22:14,--
Lauri Korpikoski,20122013,PHX,L,L,36,6,5,11,-3,12,0.31,5,9,1,2,0,0,0,0,83,7.2,17:07,37.5
Scott Hartnell,20122013,PHI,L,L,32,8,3,11,-5,70,0.34,4,6,4,5,0,0,0,1,74,10.8,15:52,75
Luke Schenn,20122013,PHI,R,D,47,3,8,11,3,34,0.23,3,11,0,0,0,0,0,0,81,3.7,21:52,--
Matt Martin,20122013,NYI,L,L,48,4,7,11,-2,63,0.23,3,10,1,1,0,0,0,1,67,6,11:54,33.3
Cam Fowler,20122013,ANA,L,D,37,1,10,11,-4,4,0.3,0,5,1,6,0,0,0,0,50,2,20:26,--
Jonas Brodin,20122013,MIN,L,D,45,2,9,11,3,10,0.24,1,9,1,2,0,0,0,0,51,3.9,23:13,--
Marc Staal,20122013,NYR,L,D,21,2,9,11,4,14,0.52,1,8,1,3,0,0,0,0,20,10,24:27,--
Eric Nystrom,20122013,DAL,L,L,48,7,4,11,-3,61,0.23,6,10,0,0,1,1,0,3,49,14.3,14:21,57.7
Zack Kassian,20122013,VAN,R,R,39,7,4,11,-7,51,0.28,5,8,2,3,0,0,0,1,49,14.3,13:29,42.9
Derek Morris,20122013,PHX,R,D,39,0,11,11,-6,36,0.28,0,8,0,3,0,0,0,0,68,0,21:24,--
Rob Klinkhammer,20122013,PHX,L,L,22,5,6,11,7,10,0.5,4,10,1,1,0,0,0,1,34,14.7,12:14,100
Brian Flynn,20122013,BUF,R,C,26,6,5,11,6,0,0.42,5,10,0,0,1,1,0,1,49,12.2,14:41,40
John-Michael Liles,20122013,TOR,L,D,32,2,9,11,-1,4,0.34,2,10,0,1,0,0,0,0,47,4.3,18:46,0
Milan Hejduk,20122013,COL,R,R,29,4,7,11,-7,0,0.38,2,8,2,3,0,0,0,0,41,9.8,13:09,33.3
Tyler Kennedy,20122013,PIT,R,C,46,6,5,11,-6,19,0.24,5,8,1,3,0,0,1,1,100,6,12:28,44.8
Alexander Burmistrov,20122013,WPG,L,C,44,4,6,10,0,14,0.23,4,10,0,0,0,0,0,0,55,7.3,15:38,47.2
Emerson Etem,20122013,ANA,L,R,38,3,7,10,7,9,0.26,3,8,0,0,0,2,0,0,48,6.3,11:28,40
Ryan Garbutt,20122013,DAL,L,C,36,3,7,10,1,32,0.28,3,10,0,0,0,0,0,0,59,5.1,9:55,41.2
Cal Clutterbuck,20122013,MIN,R,R,42,4,6,10,-5,27,0.24,4,9,0,0,0,1,0,1,87,4.6,13:44,50
Sven Baertschi,20122013,CGY,L,L,20,3,7,10,0,6,0.5,3,10,0,0,0,0,0,0,28,10.7,13:24,100
Guillaume Latendresse,20122013,OTT,L,L,27,6,4,10,-2,8,0.37,5,9,1,1,0,0,0,0,53,11.3,14:48,0
Clayton Stoner,20122013,MIN,L,D,48,0,10,10,0,42,0.21,0,9,0,0,0,1,0,0,40,0,18:13,--
Jay Harrison,20122013,CAR,L,D,47,3,7,10,-10,51,0.21,3,9,0,1,0,0,1,2,54,5.6,19:54,--
Niklas Hjalmarsson,20122013,CHI,L,D,46,2,8,10,15,22,0.22,2,10,0,0,0,0,0,0,43,4.7,20:54,--
Ben Lovejoy,20122013,"PIT,ANA",R,D,35,0,10,10,4,29,0.29,0,6,0,3,0,1,0,0,58,0,17:50,--
Maxim Lapierre,20122013,VAN,R,C,48,4,6,10,-6,45,0.21,4,10,0,0,0,0,0,1,54,7.4,12:36,50.6
Dwight King,20122013,LAK,L,L,47,4,6,10,-3,11,0.21,4,10,0,0,0,0,0,0,60,6.7,12:45,33.3
Filip Kuba,20122013,FLA,L,D,44,1,9,10,-18,24,0.23,1,6,0,4,0,0,0,0,50,2,21:13,--
Michael Frolik,20122013,CHI,L,R,45,3,7,10,5,8,0.22,3,10,0,0,0,0,0,1,98,3.1,12:31,37.5
Andre Benoit,20122013,OTT,L,D,33,3,7,10,-3,8,0.3,2,8,1,2,0,0,0,2,50,6,16:25,--
Jordan Leopold,20122013,"BUF,STL",L,D,39,2,8,10,-8,14,0.26,2,6,0,4,0,0,0,0,60,3.3,20:04,--
TJ Brennan,20122013,"BUF,FLA",L,D,29,3,7,10,-9,8,0.34,2,6,1,4,0,0,0,0,42,7.1,16:41,--
Nathan Gerbe,20122013,BUF,L,C,42,5,5,10,-3,14,0.24,4,9,0,0,1,1,0,0,64,7.8,12:30,0
Jan Hejda,20122013,COL,L,D,46,1,9,10,-3,28,0.22,1,10,0,0,0,0,0,1,50,2,19:42,0
Max Talbot,20122013,PHI,L,C,35,5,5,10,2,23,0.29,4,9,0,0,1,1,0,0,41,12.2,15:26,47.9
Dmitry Kulikov,20122013,FLA,L,D,34,3,7,10,-5,22,0.29,1,4,2,6,0,0,1,2,52,5.8,20:59,--
Travis Hamonic,20122013,NYI,R,D,48,3,7,10,-8,28,0.21,2,6,1,3,0,1,0,1,83,3.6,22:48,--
Francis Bouillon,20122013,MTL,L,D,48,1,8,9,4,21,0.19,1,9,0,0,0,0,0,0,46,2.2,18:05,--
Joni Pitkanen,20122013,CAR,L,D,22,1,8,9,2,12,0.41,1,7,0,2,0,0,0,0,34,2.9,22:49,--
Paul Postma,20122013,WPG,R,D,34,4,5,9,-5,6,0.26,2,5,2,4,0,0,0,0,32,12.5,15:02,--
Jack Hillen,20122013,WSH,L,D,23,3,6,9,9,14,0.39,3,9,0,0,0,0,0,1,28,10.7,17:37,--
Wojtek Wolski,20122013,WSH,L,L,27,4,5,9,1,6,0.33,4,8,0,1,0,0,0,2,49,8.2,13:21,20
Chris Kelly,20122013,BOS,L,C,34,3,6,9,-8,16,0.26,2,8,1,1,0,0,0,0,40,7.5,14:58,57.9
Steve Oleksy,20122013,WSH,R,D,28,1,8,9,9,33,0.32,1,9,0,0,0,0,0,0,25,4,17:16,--
Josh Gorges,20122013,MTL,L,D,48,2,7,9,4,15,0.19,2,9,0,0,0,0,0,0,40,5,21:23,--
Leo Komarov,20122013,TOR,L,R,42,4,5,9,-1,18,0.21,4,9,0,0,0,0,0,3,51,7.8,13:56,50.9
Lennart Petrell,20122013,EDM,L,L,35,3,6,9,-4,4,0.26,2,7,0,0,1,2,0,0,23,13,11:32,23.1
Francis Bouillon,20122013,MTL,L,D,48,1,8,9,4,21,0.19,1,9,0,0,0,0,0,0,46,2.2,18:05,--
Josh Gorges,20122013,MTL,L,D,48,2,7,9,4,15,0.19,2,9,0,0,0,0,0,0,40,5,21:23,--
Kevin Porter,20122013,BUF,L,C,31,4,5,9,-1,10,0.29,3,7,0,0,1,2,0,0,37,10.8,15:14,40.2
Jordan Schroeder,20122013,VAN,R,C,31,3,6,9,0,4,0.29,2,8,1,1,0,0,0,2,28,10.7,13:43,43.6
Michael Stone,20122013,PHX,R,D,40,5,4,9,2,16,0.23,4,7,1,2,0,0,0,0,50,10,16:41,--
Jack Hillen,20122013,WSH,L,D,23,3,6,9,9,14,0.39,3,9,0,0,0,0,0,1,28,10.7,17:37,--
Richard Panik,20122013,TBL,L,R,25,5,4,9,-2,4,0.36,4,7,1,2,0,0,0,1,34,14.7,11:20,33.3
Derek Dorsett,20122013,CBJ,R,R,24,3,6,9,-11,53,0.38,3,9,0,0,0,0,0,0,38,7.9,15:59,56.5
Nikita Nikitin,20122013,CBJ,L,D,38,3,6,9,2,17,0.24,2,7,1,2,0,0,0,0,60,5,21:12,--
Aaron Palushaj,20122013,COL,R,R,25,2,7,9,-2,8,0.36,2,9,0,0,0,0,0,0,29,6.9,11:19,25
Alexei Ponikarovsky,20122013,"WPG,NJD",L,L,42,4,5,9,-1,14,0.21,4,9,0,0,0,0,0,1,51,7.8,13:10,28.6
Dainius Zubrus,20122013,NJD,L,C,22,2,7,9,-3,12,0.41,2,7,0,0,0,2,0,0,22,9.1,16:47,39.3
Chris Kelly,20122013,BOS,L,C,34,3,6,9,-8,16,0.26,2,8,1,1,0,0,0,0,40,7.5,14:58,57.9
Marc-Andre Bergeron,20122013,"TBL,CAR",L,D,25,1,8,9,-4,9,0.36,1,4,0,5,0,0,0,0,43,2.3,13:46,--
Craig Adams,20122013,PIT,R,R,48,3,6,9,-1,28,0.19,2,8,0,0,1,1,0,0,46,6.5,11:10,52
Wojtek Wolski,20122013,WSH,L,L,27,4,5,9,1,6,0.33,4,8,0,1,0,0,0,2,49,8.2,13:21,20
Riley Nash,20122013,CAR,R,C,32,4,5,9,-4,8,0.28,4,9,0,0,0,0,0,0,36,11.1,12:48,44.3
Steve Oleksy,20122013,WSH,R,D,28,1,8,9,9,33,0.32,1,9,0,0,0,0,0,0,25,4,17:16,--
Tim Gleason,20122013,CAR,L,D,42,0,9,9,-3,40,0.21,0,8,0,1,0,0,0,0,36,0,19:34,--
Jamie McBain,20122013,CAR,R,D,40,1,7,8,0,12,0.2,1,8,0,0,0,0,0,0,46,2.2,18:25,--
Joakim Andersson,20122013,DET,L,C,38,3,5,8,2,8,0.21,3,7,0,1,0,0,0,0,43,7,12:05,46.5
Cory Emmerton,20122013,DET,L,C,48,5,3,8,-1,4,0.17,5,7,0,1,0,0,0,0,55,9.1,10:49,45.3
Luca Sbisa,20122013,ANA,L,D,41,1,7,8,0,23,0.2,1,5,0,3,0,0,0,1,39,2.6,19:50,--
Steve Begin,20122013,CGY,L,L,36,4,4,8,-2,22,0.22,3,7,0,0,1,1,0,2,31,12.9,8:00,48.7
Derek MacKenzie,20122013,CBJ,L,C,43,3,5,8,1,36,0.19,3,8,0,0,0,0,0,0,33,9.1,10:20,59.4
Rostislav Klesla,20122013,PHX,L,D,38,2,6,8,0,22,0.21,2,8,0,0,0,0,0,0,44,4.6,17:38,--
Matthew Lombardi,20122013,"PHX,ANA",L,C,28,4,4,8,-2,8,0.29,3,6,1,2,0,0,0,1,44,9.1,13:58,44.5
Chris Butler,20122013,CGY,L,D,44,1,7,8,-10,19,0.18,0,7,0,0,1,1,0,0,40,2.5,17:02,--
Michal Handzus,20122013,"SJS,CHI",L,C,39,2,6,8,-2,16,0.21,2,8,0,0,0,0,0,0,41,4.9,13:08,55.4
Drew Miller,20122013,DET,L,L,44,4,4,8,-8,2,0.18,3,7,1,1,0,0,0,2,54,7.4,13:49,25
Brooks Orpik,20122013,PIT,L,D,46,0,8,8,17,32,0.17,0,8,0,0,0,0,0,0,32,0,22:17,--
Matt Hendricks,20122013,WSH,L,C,48,5,3,8,-6,73,0.17,5,8,0,0,0,0,0,1,54,9.3,11:43,56.8
Michael Kostka,20122013,TOR,R,D,35,0,8,8,-7,27,0.23,0,3,0,5,0,0,0,0,49,0,22:05,--
Mike Knuble,20122013,PHI,R,R,28,4,4,8,-4,20,0.29,3,6,1,2,0,0,0,1,31,12.9,12:55,57.1
Jay Beagle,20122013,WSH,R,C,48,2,6,8,-1,14,0.17,2,8,0,0,0,0,0,1,56,3.6,12:06,56.1
Mark Fraser,20122013,TOR,L,D,45,0,8,8,18,85,0.18,0,8,0,0,0,0,0,0,33,0,16:57,--
Brenden Dillon,20122013,DAL,L,D,48,3,5,8,1,65,0.17,3,8,0,0,0,0,0,1,75,4,21:23,--
Brandon Yip,20122013,NSH,R,R,34,3,5,8,-3,26,0.24,3,8,0,0,0,0,0,0,35,8.6,12:02,38.1
Chris Porter,20122013,STL,L,L,29,2,6,8,5,0,0.28,2,8,0,0,0,0,0,2,46,4.4,11:38,43.1
Brendan Smith,20122013,DET,L,D,34,0,8,8,1,36,0.24,0,6,0,2,0,0,0,0,33,0,18:24,--
Jordin Tootoo,20122013,DET,R,R,42,3,5,8,0,78,0.19,3,7,0,1,0,0,0,1,45,6.7,9:05,--
Torrey Mitchell,20122013,MIN,R,C,45,4,4,8,-8,21,0.18,4,8,0,0,0,0,0,1,39,10.3,10:30,50
Erik Gustafsson,20122013,PHI,L,D,27,3,5,8,-1,2,0.3,3,7,0,1,0,0,0,1,36,8.3,20:09,0
Ryan Malone,20122013,TBL,L,L,24,6,2,8,-3,22,0.33,4,6,2,2,0,0,0,1,37,16.2,15:44,39.1
Tyler Myers,20122013,BUF,R,D,39,3,5,8,-8,32,0.21,2,5,1,3,0,0,0,2,48,6.3,21:19,--
B.J. Crombeen,20122013,TBL,R,R,44,1,7,8,4,112,0.18,1,8,0,0,0,0,0,0,50,2,11:05,20
Mikael Granlund,20122013,MIN,L,C,27,2,6,8,-4,6,0.3,2,6,0,2,0,0,0,0,36,5.6,13:11,47.1
Patrick Eaves,20122013,DET,R,R,34,2,6,8,-1,4,0.24,2,7,0,1,0,0,0,1,42,4.8,10:35,63.6
Shawn Thornton,20122013,BOS,R,L,45,3,4,7,1,60,0.16,3,7,0,0,0,0,0,0,55,5.5,8:06,41.2
Tomas Kundratek,20122013,WSH,R,D,25,1,6,7,-5,8,0.28,1,4,0,3,0,0,0,0,23,4.4,16:09,--
Jonathon Blum,20122013,NSH,R,D,35,1,6,7,-1,6,0.2,1,7,0,0,0,0,0,0,26,3.9,14:18,--
Keith Aulie,20122013,TBL,L,D,45,2,5,7,1,60,0.16,2,7,0,0,0,0,0,0,37,5.4,12:49,--
Wade Redden,20122013,"STL,BOS",L,D,29,3,4,7,-2,11,0.24,3,6,0,1,0,0,0,0,28,10.7,15:04,--
Mike Weber,20122013,BUF,L,D,42,1,6,7,3,70,0.17,1,6,0,0,0,1,0,0,25,4,18:22,--
Victor Bartley,20122013,NSH,L,D,24,0,7,7,2,6,0.29,0,7,0,0,0,0,0,0,19,0,19:33,--
Marc-Edouard Vlasic,20122013,SJS,L,D,48,3,4,7,5,29,0.15,3,7,0,0,0,0,0,0,59,5.1,20:49,--
John Moore,20122013,"CBJ,NYR",L,D,30,1,6,7,4,7,0.23,1,7,0,0,0,0,0,0,29,3.5,13:20,--
Roman Horak,20122013,CGY,L,C,20,2,5,7,-5,2,0.35,2,6,0,0,0,1,0,0,28,7.1,14:32,45.4
Justin Braun,20122013,SJS,R,D,41,0,7,7,-5,6,0.17,0,6,0,1,0,0,0,0,48,0,18:48,--
David Steckel,20122013,"TOR,ANA",L,C,34,1,6,7,0,4,0.21,1,7,0,0,0,0,0,0,23,4.4,9:16,54.5
Kris Russell,20122013,STL,L,D,33,1,6,7,6,9,0.21,0,5,1,2,0,0,0,0,41,2.4,16:03,--
Colin Fraser,20122013,LAK,L,C,34,2,5,7,-4,25,0.21,2,7,0,0,0,0,0,0,19,10.5,9:22,46.4
Dalton Prout,20122013,CBJ,R,D,28,1,6,7,15,25,0.25,1,6,0,1,0,0,0,0,16,6.3,18:32,--
Davis Drewiske,20122013,"LAK,MTL",L,D,29,2,5,7,3,14,0.24,1,6,1,1,0,0,0,0,28,7.1,15:12,100
Ryan Jones,20122013,EDM,L,L,27,2,5,7,0,17,0.26,2,7,0,0,0,0,0,0,38,5.3,12:59,22.2
Simon Despres,20122013,PIT,L,D,33,2,5,7,9,20,0.21,2,6,0,1,0,0,0,0,33,6.1,15:07,--
Anton Stralman,20122013,NYR,R,D,48,4,3,7,14,16,0.15,4,7,0,0,0,0,0,0,66,6.1,18:03,0
Christopher Tanev,20122013,VAN,R,D,38,2,5,7,4,10,0.18,2,7,0,0,0,0,1,1,20,10,17:17,--
Mark Olver,20122013,COL,L,C,32,4,2,6,-5,6,0.19,4,6,0,0,0,0,0,0,33,12.1,9:03,41.6
Jared Boll,20122013,CBJ,R,R,43,2,4,6,1,100,0.14,2,6,0,0,0,0,0,0,19,10.5,8:05,44.4
Ryan Ellis,20122013,NSH,R,D,32,2,4,6,-2,15,0.19,0,4,2,2,0,0,0,0,48,4.2,16:23,--
John Erskine,20122013,WSH,L,D,30,3,3,6,10,34,0.2,3,6,0,0,0,0,0,0,32,9.4,18:28,--
Bryan Allen,20122013,ANA,L,D,41,0,6,6,1,34,0.15,0,6,0,0,0,0,0,0,25,0,18:44,--
Matt Hunwick,20122013,COL,L,D,43,0,6,6,4,16,0.14,0,6,0,0,0,0,0,0,57,0,21:31,--
Adam Cracknell,20122013,STL,R,R,20,2,4,6,3,4,0.3,2,6,0,0,0,0,0,0,21,9.5,8:37,24
Toni Lydman,20122013,ANA,L,D,35,0,6,6,-1,12,0.17,0,5,0,0,0,1,0,0,28,0,19:23,--
Ryan Reaves,20122013,STL,R,R,43,4,2,6,3,79,0.14,4,6,0,0,0,0,0,1,24,16.7,7:27,100
Jim O'Brien,20122013,OTT,R,C,29,5,1,6,-2,8,0.21,4,5,1,1,0,0,0,0,38,13.2,11:25,45.7
Bobby Sanguinetti,20122013,CAR,R,D,37,2,4,6,-6,4,0.16,2,5,0,1,0,0,0,1,48,4.2,14:45,0
Mark Fayne,20122013,NJD,R,D,31,1,5,6,6,16,0.19,0,5,0,0,1,1,0,0,34,2.9,18:06,--
Mark Fistric,20122013,EDM,L,D,25,0,6,6,6,32,0.24,0,6,0,0,0,0,0,0,9,0,15:20,--
Greg Zanon,20122013,COL,L,D,44,0,6,6,-16,28,0.14,0,5,0,0,0,1,0,0,40,0,19:20,--
Dustin Jeffrey,20122013,PIT,L,L,24,3,3,6,1,2,0.25,3,6,0,0,0,0,0,0,26,11.5,11:31,47
Andrew Ebbett,20122013,VAN,L,C,28,1,5,6,-1,4,0.21,1,6,0,0,0,0,0,0,23,4.4,12:19,39.7
Paul Bissonnette,20122013,PHX,L,L,28,0,6,6,2,36,0.21,0,6,0,0,0,0,0,0,13,0,5:25,--
Ryan O'Byrne,20122013,"COL,TOR",R,D,42,2,4,6,-4,60,0.14,2,6,0,0,0,0,0,0,26,7.7,18:32,--
Jordan Nolan,20122013,LAK,L,C,44,2,4,6,-5,46,0.14,2,6,0,0,0,0,0,0,23,8.7,8:28,0
Gustav Nyquist,20122013,DET,L,C,22,3,3,6,0,6,0.27,3,4,0,2,0,0,0,0,46,6.5,13:02,25
Brad Stuart,20122013,SJS,L,D,48,0,6,6,4,25,0.13,0,5,0,0,0,1,0,0,39,0,20:27,--
Deryk Engelland,20122013,PIT,R,D,42,0,6,6,5,54,0.14,0,6,0,0,0,0,0,0,31,0,13:55,--
Dale Weise,20122013,VAN,R,R,40,3,3,6,-7,43,0.15,3,6,0,0,0,0,0,2,35,8.6,9:33,12.5
Eric Gryba,20122013,OTT,R,D,33,2,4,6,-3,26,0.18,2,6,0,0,0,0,0,0,51,3.9,20:17,--
Jerred Smithson,20122013,"FLA,EDM",R,C,45,3,3,6,-4,12,0.13,3,6,0,0,0,0,0,0,29,10.3,10:40,55.4
Bruno Gervais,20122013,PHI,R,D,37,1,5,6,-17,10,0.16,1,6,0,0,0,0,0,0,49,2,17:08,--
Travis Moen,20122013,MTL,L,L,45,2,4,6,-4,32,0.13,2,6,0,0,0,0,0,0,32,6.3,11:39,40
Adam Larsson,20122013,NJD,R,D,37,0,6,6,4,12,0.16,0,6,0,0,0,0,0,0,30,0,18:06,--
Jordie Benn,20122013,DAL,L,D,26,1,5,6,-4,10,0.23,0,5,1,1,0,0,0,0,31,3.2,17:19,--
David Schlemko,20122013,PHX,L,D,30,1,5,6,8,12,0.2,1,6,0,0,0,0,0,0,35,2.9,17:13,--
Roman Polak,20122013,STL,R,D,48,1,5,6,-2,48,0.13,1,6,0,0,0,0,0,1,39,2.6,18:25,--
Gustav Nyquist,20122013,DET,L,C,22,3,3,6,0,6,0.27,3,4,0,2,0,0,0,0,46,6.5,13:02,25
Paul Bissonnette,20122013,PHX,L,L,28,0,6,6,2,36,0.21,0,6,0,0,0,0,0,0,13,0,5:25,--
Ryan O'Byrne,20122013,"COL,TOR",R,D,42,2,4,6,-4,60,0.14,2,6,0,0,0,0,0,0,26,7.7,18:32,--
Joe Vitale,20122013,PIT,R,C,33,2,3,5,-7,17,0.15,2,5,0,0,0,0,0,1,26,7.7,9:31,61.1
Zac Rinaldo,20122013,PHI,L,C,32,3,2,5,-7,85,0.16,3,5,0,0,0,0,0,0,15,20,8:23,50
Scottie Upshall,20122013,FLA,L,R,27,4,1,5,-8,25,0.19,3,4,1,1,0,0,0,1,54,7.4,13:30,64.3
Patrick Bordeleau,20122013,COL,L,L,46,2,3,5,-7,70,0.11,2,5,0,0,0,0,0,0,24,8.3,6:13,0
Tim Erixon,20122013,CBJ,L,D,31,0,5,5,4,14,0.16,0,3,0,2,0,0,0,0,21,0,15:42,--
Marty Reasoner,20122013,NYI,L,C,31,0,5,5,-3,4,0.16,0,5,0,0,0,0,0,0,34,0,11:14,52.5
Braydon Coburn,20122013,PHI,L,D,33,1,4,5,-10,41,0.15,1,5,0,0,0,0,0,0,38,2.6,22:37,--
James Wright,20122013,WPG,L,C,38,2,3,5,-5,31,0.13,2,5,0,0,0,0,0,0,32,6.3,11:36,47.8
Aaron Rome,20122013,DAL,L,D,27,0,5,5,-2,18,0.19,0,5,0,0,0,0,0,0,15,0,15:20,--
David Ullstrom,20122013,NYI,L,L,20,2,3,5,-2,6,0.25,2,5,0,0,0,0,0,1,28,7.1,9:30,55.6
Radko Gudas,20122013,TBL,R,D,22,2,3,5,3,38,0.23,2,5,0,0,0,0,0,1,31,6.5,17:00,--
Antti Miettinen,20122013,WPG,R,R,22,3,2,5,-3,2,0.23,3,5,0,0,0,0,0,2,26,11.5,12:39,0
Colby Armstrong,20122013,MTL,R,R,37,2,3,5,1,12,0.14,2,5,0,0,0,0,0,0,33,6.1,11:12,42.9
Alec Martinez,20122013,LAK,L,D,27,1,4,5,-2,10,0.19,1,4,0,1,0,0,0,0,30,3.3,16:01,--
Anton Volchenkov,20122013,NJD,L,D,37,1,4,5,-1,37,0.14,1,5,0,0,0,0,0,0,38,2.6,16:03,--
Philip Larsen,20122013,DAL,R,D,32,2,3,5,-10,18,0.16,1,4,1,1,0,0,0,0,30,6.7,14:53,--
Tim Jackman,20122013,CGY,R,R,42,1,4,5,-9,76,0.12,1,4,0,1,0,0,0,0,42,2.4,7:36,45.8
Mikhail Grigorenko,20122013,BUF,L,C,25,1,4,5,-1,0,0.2,1,5,0,0,0,0,0,0,31,3.2,10:14,38.3
Drayson Bowman,20122013,CAR,L,L,37,3,2,5,-7,17,0.14,3,5,0,0,0,0,0,0,68,4.4,11:42,40
Karl Alzner,20122013,WSH,L,D,48,1,4,5,-6,14,0.1,1,5,0,0,0,0,0,0,39,2.6,20:57,--
Frazer McLaren,20122013,"SJS,TOR",L,L,36,3,2,5,0,102,0.14,3,5,0,0,0,0,0,2,20,15,5:12,36.4
Paul Gaustad,20122013,NSH,L,C,23,2,3,5,-1,20,0.22,2,5,0,0,0,0,0,0,35,5.7,15:13,59.7
Peter Harrold,20122013,NJD,R,D,23,2,3,5,-8,6,0.22,1,2,1,3,0,0,0,0,36,5.6,17:38,--
Peter Holland,20122013,ANA,L,C,21,3,2,5,4,4,0.24,2,4,1,1,0,0,0,0,26,11.5,11:35,43.8
Brian Boyle,20122013,NYR,L,C,38,2,3,5,-13,29,0.13,2,4,0,1,0,0,0,1,56,3.6,14:13,56.4
Brian Lashoff,20122013,DET,L,D,31,1,4,5,-10,15,0.16,1,5,0,0,0,0,0,0,26,3.9,17:47,--
Kurtis Foster,20122013,PHI,R,D,23,1,4,5,0,35,0.22,0,4,1,1,0,0,0,0,21,4.8,13:05,--
Jason Zucker,20122013,MIN,L,L,20,4,1,5,4,8,0.25,4,5,0,0,0,0,0,0,34,11.8,11:16,0
Kevin Westgarth,20122013,CAR,R,R,31,2,2,4,1,45,0.13,2,4,0,0,0,0,0,0,16,12.5,5:43,0
Shane O'Brien,20122013,COL,L,D,28,0,4,4,0,60,0.14,0,4,0,0,0,0,0,0,28,0,15:30,--
Erik Gudbranson,20122013,FLA,R,D,32,0,4,4,-22,47,0.13,0,3,0,1,0,0,0,0,49,0,18:45,--
Dana Tyrell,20122013,TBL,L,C,21,1,3,4,-3,4,0.19,1,4,0,0,0,0,0,0,19,5.3,10:21,33.3
Nicklas Grossmann,20122013,PHI,L,D,30,1,3,4,-1,21,0.13,1,4,0,0,0,0,0,0,21,4.8,18:20,--
Tyson Strachan,20122013,FLA,R,D,38,0,4,4,-13,40,0.11,0,4,0,0,0,0,0,0,42,0,18:58,--
Mike Santorelli,20122013,"FLA,WPG",R,C,34,2,2,4,-12,2,0.12,2,4,0,0,0,0,0,0,35,5.7,11:52,59.6
Eric Tangradi,20122013,"PIT,WPG",L,L,41,1,3,4,-2,22,0.1,1,4,0,0,0,0,0,0,48,2.1,10:05,0
J.T. Miller,20122013,NYR,L,C,26,2,2,4,-7,8,0.15,1,2,1,2,0,0,0,0,43,4.7,13:31,53.4
James Sheppard,20122013,SJS,L,C,32,1,3,4,-9,12,0.13,1,4,0,0,0,0,0,1,40,2.5,11:45,33.3
Ian White,20122013,DET,R,D,25,2,2,4,5,4,0.16,2,4,0,0,0,0,0,0,27,7.4,19:35,100
Erik Johnson,20122013,COL,R,D,31,0,4,4,-3,18,0.13,0,4,0,0,0,0,0,0,64,0,20:45,--
Adam McQuaid,20122013,BOS,R,D,32,1,3,4,0,60,0.13,1,3,0,0,0,1,0,0,26,3.9,14:18,--
Corey Potter,20122013,EDM,R,D,33,3,1,4,8,6,0.12,3,3,0,1,0,0,0,0,36,8.3,17:27,--
Kaspars Daugavins,20122013,"OTT,BOS",L,L,25,1,3,4,-8,9,0.16,1,3,0,1,0,0,0,0,36,2.8,11:01,50
Thomas Hickey,20122013,NYI,L,D,39,1,3,4,9,8,0.1,1,4,0,0,0,0,1,1,40,2.5,16:52,--
Robyn Regehr,20122013,"BUF,LAK",L,D,41,0,4,4,-4,23,0.1,0,4,0,0,0,0,0,0,27,0,19:25,--
Ladislav Smid,20122013,EDM,L,D,48,1,3,4,-1,55,0.08,1,3,0,0,0,1,0,0,30,3.3,20:19,--
Mike Rupp,20122013,"NYR,MIN",L,L,40,1,3,4,-2,79,0.1,1,4,0,0,0,0,0,0,29,3.5,8:21,59.3
Adrian Aucoin,20122013,CBJ,R,D,36,0,4,4,-8,16,0.11,0,4,0,0,0,0,0,0,26,0,16:20,--
Mark Stuart,20122013,WPG,L,D,42,2,2,4,5,53,0.1,2,4,0,0,0,0,0,0,40,5,16:42,--
Chris Thorburn,20122013,WPG,R,R,42,2,2,4,-5,70,0.1,2,4,0,0,0,0,0,0,13,15.4,6:19,43.5
Adam Hall,20122013,"TBL,CAR,PHI",R,R,37,0,4,4,0,23,0.11,0,4,0,0,0,0,0,0,34,0,10:32,56.2
Henrik Tallinder,20122013,NJD,L,D,25,1,3,4,0,10,0.16,1,3,0,1,0,0,0,0,22,4.6,17:34,--
Colton Orr,20122013,TOR,R,R,44,1,3,4,4,155,0.09,1,4,0,0,0,0,0,0,13,7.7,6:23,0
Chad LaRose,20122013,CAR,R,R,35,2,2,4,-8,29,0.11,2,4,0,0,0,0,0,0,65,3.1,12:51,40.9
Jacob Josefson,20122013,NJD,L,C,22,1,2,3,-10,2,0.14,1,3,0,0,0,0,0,0,20,5,12:59,48.3
Peter Regin,20122013,OTT,L,C,27,0,3,3,-4,8,0.11,0,3,0,0,0,0,0,0,37,0,11:31,43.8
Jason Demers,20122013,SJS,R,D,22,1,2,3,-4,10,0.14,1,3,0,0,0,0,0,0,27,3.7,18:38,--
Eric Belanger,20122013,EDM,L,C,26,0,3,3,-1,10,0.12,0,3,0,0,0,0,0,0,31,0,14:07,53.7
Korbinian Holzer,20122013,TOR,R,D,22,2,1,3,-12,28,0.14,2,3,0,0,0,0,0,1,16,12.5,18:30,--
Daniel Carcillo,20122013,CHI,L,L,23,2,1,3,1,11,0.13,2,3,0,0,0,0,0,1,23,8.7,9:00,0
Teemu Hartikainen,20122013,EDM,L,C,23,1,2,3,-8,6,0.13,0,0,1,3,0,0,0,0,21,4.8,10:34,25
Kyle Quincey,20122013,DET,L,D,36,1,2,3,7,18,0.08,1,2,0,1,0,0,0,0,36,2.8,19:13,--
Adam Burish,20122013,SJS,R,R,46,1,2,3,-7,25,0.07,0,2,0,0,1,1,0,0,39,2.6,10:34,53.5
Andrew Desjardins,20122013,SJS,L,L,42,2,1,3,-6,61,0.07,2,3,0,0,0,0,0,0,51,3.9,10:07,54.2
Tim Brent,20122013,CAR,R,C,30,0,3,3,-3,8,0.1,0,1,0,2,0,0,0,0,23,0,9:48,51.7
Jeff Schultz,20122013,WSH,L,D,26,0,3,3,-6,12,0.12,0,3,0,0,0,0,0,0,12,0,14:15,--
Steve Eminger,20122013,NYR,R,D,35,0,3,3,9,8,0.09,0,3,0,0,0,0,0,0,22,0,13:02,--
Keaton Ellerby,20122013,"FLA,LAK",L,D,44,0,3,3,3,52,0.07,0,3,0,0,0,0,0,0,23,0,14:29,--
Jeff Halpern,20122013,"NYR,MTL",R,C,46,1,2,3,-8,10,0.07,1,3,0,0,0,0,0,1,26,3.9,10:11,56.1
Tom Sestito,20122013,"PHI,VAN",L,L,30,3,0,3,-2,65,0.1,3,3,0,0,0,0,0,1,14,21.4,6:26,50
Brian McGrattan,20122013,"NSH,CGY",R,R,21,3,0,3,-4,49,0.14,3,3,0,0,0,0,0,1,18,16.7,7:06,0
Chris Kreider,20122013,NYR,L,L,23,2,1,3,-1,6,0.13,2,3,0,0,0,0,0,0,19,10.5,10:07,0
Justin Falk,20122013,MIN,L,D,36,0,3,3,-9,40,0.08,0,3,0,0,0,0,0,0,27,0,13:13,--
Colton Gillies,20122013,CBJ,L,C,27,1,1,2,1,17,0.07,1,2,0,0,0,0,0,0,17,5.9,8:18,0
Arron Asham,20122013,NYR,R,R,27,2,0,2,2,50,0.07,2,2,0,0,0,0,0,0,14,14.3,6:38,50
Mike Brown,20122013,"TOR,EDM",R,R,39,1,1,2,-7,123,0.05,1,2,0,0,0,0,0,0,18,5.6,7:31,62.5
George Parros,20122013,FLA,R,R,39,1,1,2,-15,57,0.05,1,2,0,0,0,0,0,0,16,6.3,6:37,--
Tim Wallace,20122013,CAR,R,R,28,1,1,2,-9,17,0.07,1,2,0,0,0,0,0,0,20,5,10:02,30
Jim Slater,20122013,WPG,L,C,26,1,1,2,-3,19,0.08,1,2,0,0,0,0,0,0,22,4.6,10:27,54.3
Joey Crabb,20122013,WSH,R,R,26,2,0,2,-1,8,0.08,2,2,0,0,0,0,0,0,20,10,9:25,20.6
Keith Ballard,20122013,VAN,L,D,36,0,2,2,-2,29,0.06,0,2,0,0,0,0,0,0,35,0,15:28,--
Aaron Volpatti,20122013,"VAN,WSH",L,L,33,1,1,2,-2,35,0.06,1,2,0,0,0,0,0,0,21,4.8,8:20,25
Tanner Glass,20122013,PIT,L,L,48,1,1,2,-11,62,0.04,0,1,1,1,0,0,0,0,38,2.6,10:04,43.1
Zbynek Michalek,20122013,PHX,R,D,34,0,2,2,4,14,0.06,0,2,0,0,0,0,0,0,42,0,21:18,--
Matt Carkner,20122013,NYI,R,D,22,0,2,2,-2,46,0.09,0,2,0,0,0,0,0,0,19,0,12:35,--
Bryce Salvador,20122013,NJD,L,D,39,0,2,2,-12,22,0.05,0,2,0,0,0,0,0,0,29,0,21:20,--
Cory Sarich,20122013,CGY,R,D,28,0,2,2,-8,16,0.07,0,2,0,0,0,0,0,0,14,0,14:52,--
Ryan White,20122013,MTL,R,C,26,1,0,1,1,67,0.04,1,1,0,0,0,0,0,0,16,6.3,9:25,54.5
Derek Smith,20122013,CGY,L,D,22,0,1,1,-5,10,0.05,0,1,0,0,0,0,0,0,18,0,12:15,--
Sheldon Brookbank,20122013,CHI,R,D,26,1,0,1,-2,21,0.04,0,0,0,0,1,1,0,0,25,4,12:45,0
Patrick Kaleta,20122013,BUF,R,R,34,1,0,1,-4,67,0.03,1,1,0,0,0,0,0,0,34,2.9,10:48,45.5
Scott Hannan,20122013,"NSH,SJS",L,D,33,0,1,1,-14,22,0.03,0,1,0,0,0,0,0,0,25,0,19:21,--
Andrew Alberts,20122013,VAN,L,D,24,0,1,1,-7,32,0.04,0,1,0,0,0,0,0,0,15,0,15:11,--
Scott Nichol,20122013,STL,R,C,30,1,0,1,-2,25,0.03,1,1,0,0,0,0,0,1,13,7.7,9:47,60.6
Hal Gill,20122013,NSH,L,D,32,0,0,0,-3,12,0,0,0,0,0,0,0,0,0,8,0,13:23,--
Brandon Bollig,20122013,CHI,L,L,25,0,0,0,-1,51,0,0,0,0,0,0,0,0,0,34,0,8:01,0
Zenon Konopka,20122013,MIN,L,C,37,0,0,0,-4,117,0,0,0,0,0,0,0,0,0,18,0,8:26,60.7
Hal Gill,20122013,NSH,L,D,32,0,0,0,-3,12,0,0,0,0,0,0,0,0,0,8,0,13:23,--
Krys Barch,20122013,NJD,L,R,22,0,0,0,1,44,0,0,0,0,0,0,0,0,0,4,0,5:51,50
Darroll Powe,20122013,"MIN,NYR",L,C,42,0,0,0,-1,27,0,0,0,0,0,0,0,0,0,23,0,9:00,53.9
Mark Eaton,20122013,PIT,L,D,23,0,0,0,9,4,0,0,0,0,0,0,0,0,0,8,0,17:59,--
Zenon Konopka,20122013,MIN,L,C,37,0,0,0,-4,117,0,0,0,0,0,0,0,0,0,18,0,8:26,60.7